onset,medial,nucleus,coda,ipa,pinyin,ascii
ʐ,,ɻ̩,,ʐɻ̩,ri,ri #!
,,i,,i,yi,yi
,,i,n,in,yin,yin
,,i,ŋ,iŋ,ying,ying
,,u,,u,wu,wu
#,,ʊ,ŋ,ʊŋ,ong,ong
,,y,,y,yu,yv
,,y,n,yn,yun,yvn
,,ə,,ɤ,e,e
,,ə,i,ei,ei,ei
,,ə,u,ou,ou,ou
,,ə,n,ən,en,en #!
,,ə,ŋ,əŋ,eng,eng
,,a,,a,a,a #!
,,a,i,ai,ai,ai
,,a,u,au,ao,ao
,,a,n,an,an,an
,,a,ŋ,aŋ,ang,ang #!
,j,ʊ,ŋ,jʊŋ,yong,yong
,j,ə,,jɛ,ye,ye
,j,o,,jo,yo,yo #!
,j,ə,u,jou,you,you
,j,a,,ja,ya,ya
,j,a,u,jau,yao,yao
,j,a,n,jɛn,yan,yan
,j,a,ŋ,jaŋ,yang,yang
,w,ə,,uo,wo,wo
,w,ə,i,uei,wei,wei
,w,ə,n,uən,wen,wen
,w,ə,ŋ,uəŋ,weng,weng #!
,w,a,,ua,wa,wa
,w,a,i,uai,wai,wai #!
,w,a,n,uan,wan,wan
,w,a,ŋ,uaŋ,wang,wang
,ɥ,ə,,yɛ,yue,yve
,ɥ,a,n,yɛn,yuan,yvan
#p,,,,p,b,b
p,,i,,pi,bi,bi
p,,i,n,pin,bin,bin
p,,i,ŋ,piŋ,bing,bing
p,,u,,pu,bu,bu
#p,,ʊ,ŋ,pʊŋ,bong,bong
#p,,y,,py,bü,bv
#p,,y,n,pyn,bün,bvn
p,,ə,,puo,bo,bo
p,,ə,i,pei,bei,bei
#p,,ə,u,pou,bou,bou
p,,ə,n,pən,ben,ben
p,,ə,ŋ,pəŋ,beng,beng
p,,a,,pa,ba,ba
p,,a,i,pai,bai,bai
p,,a,u,pau,bao,bao
p,,a,n,pan,ban,ban
p,,a,ŋ,paŋ,bang,bang
#p,j,ʊ,ŋ,pjʊŋ,biong,biong
p,j,ə,,pjɛ,bie,bie
#p,j,ə,u,pjou,biu,biu
#p,j,a,,pja,bia,bia
p,j,a,u,pjau,biao,biao
p,j,a,n,pjɛn,bian,bian
p,j,a,ŋ,pjaŋ,biang,biang
#p,w,ə,,puo,buo,buo
#p,w,ə,i,puei,bui,bui
#p,w,ə,n,puən,bun,bun
#p,w,ə,ŋ,puəŋ,bueng,bueng
#p,w,a,,pua,bua,bua
#p,w,a,i,puai,buai,buai
#p,w,a,n,puan,buan,buan
#p,w,a,ŋ,puaŋ,buang,buang
#p,ɥ,ə,,pyɛ,büe,bve
#p,ɥ,a,n,pyɛn,büan,bvan
#pʰ,,,,pʰ,p,p
pʰ,,i,,pʰi,pi,pi
pʰ,,i,n,pʰin,pin,pin
pʰ,,i,ŋ,pʰiŋ,ping,ping
pʰ,,u,,pʰu,pu,pu
#pʰ,,ʊ,ŋ,pʰʊŋ,pong,pong
#pʰ,,y,,pʰy,pü,pv
#pʰ,,y,n,pʰyn,pün,pvn
pʰ,,ə,,pʰuo,po,po
pʰ,,ə,i,pʰei,pei,pei
pʰ,,ə,u,pʰou,pou,pou #!
pʰ,,ə,n,pʰən,pen,pen #!
pʰ,,ə,ŋ,pʰəŋ,peng,peng
pʰ,,a,,pʰa,pa,pa
pʰ,,a,i,pʰai,pai,pai
pʰ,,a,u,pʰau,pao,pao
pʰ,,a,n,pʰan,pan,pan
pʰ,,a,ŋ,pʰaŋ,pang,pang
#pʰ,j,ʊ,ŋ,pʰjʊŋ,piong,piong
pʰ,j,ə,,pʰjɛ,pie,pie #!
#pʰ,j,ə,u,pʰjou,piu,piu
#pʰ,j,a,,pʰja,pia,pia
pʰ,j,a,u,pʰjau,piao,piao
pʰ,j,a,n,pʰjɛn,pian,pian
#pʰ,j,a,ŋ,pʰjaŋ,piang,piang
#pʰ,w,ə,,pʰuo,puo,puo
#pʰ,w,ə,i,pʰuei,pui,pui
#pʰ,w,ə,n,pʰuən,pun,pun
#pʰ,w,ə,ŋ,pʰuəŋ,pueng,pueng
#pʰ,w,a,,pʰua,pua,pua
#pʰ,w,a,i,pʰuai,puai,puai
#pʰ,w,a,n,pʰuan,puan,puan
#pʰ,w,a,ŋ,pʰuaŋ,puang,puang
#pʰ,ɥ,ə,,pʰyɛ,püe,pve
#pʰ,ɥ,a,n,pʰyɛn,püan,pvan
m,,,,m,m,m #!
m,,i,,mi,mi,mi
m,,i,n,min,min,min
m,,i,ŋ,miŋ,ming,ming
m,,u,,mu,mu,mu
#m,,ʊ,ŋ,mʊŋ,mong,mong
#m,,y,,my,mü,mv
#m,,y,n,myn,mün,mvn
m,,ə,,muo,mo,mo
m,,ə,i,mei,mei,mei
m,,ə,u,mou,mou,mou #!
m,,ə,n,mən,men,men
m,,ə,ŋ,məŋ,meng,meng
m,,a,,ma,ma,ma
m,,a,i,mai,mai,mai
m,,a,u,mau,mao,mao
m,,a,n,man,man,man
m,,a,ŋ,maŋ,mang,mang
#m,j,ʊ,ŋ,mjʊŋ,miong,miong
m,j,ə,,mjɛ,mie,mie #!
m,j,ə,u,mjou,miu,miu #!
#m,j,a,,mja,mia,mia
m,j,a,u,mjau,miao,miao
m,j,a,n,mjɛn,mian,mian
#m,j,a,ŋ,mjaŋ,miang,miang
#m,w,ə,,muo,muo,muo
#m,w,ə,i,muei,mui,mui
#m,w,ə,n,muən,mun,mun
#m,w,ə,ŋ,muəŋ,mueng,mueng
#m,w,a,,mua,mua,mua
#m,w,a,i,muai,muai,muai
#m,w,a,n,muan,muan,muan
#m,w,a,ŋ,muaŋ,muang,muang
#m,ɥ,ə,,myɛ,müe,mve
#m,ɥ,a,n,myɛn,müan,mvan
#f,,,,f,f,f
#f,,i,,fi,fi,fi
#f,,i,n,fin,fin,fin
#f,,i,ŋ,fiŋ,fing,fing
f,,u,,fu,fu,fu
#f,,ʊ,ŋ,fʊŋ,fong,fong
#f,,y,,fy,fü,fv
#f,,y,n,fyn,fün,fvn
f,,ə,,fuo,fo,fo #!
f,,ə,i,fei,fei,fei
f,,ə,u,fou,fou,fou #!
f,,ə,n,fən,fen,fen
f,,ə,ŋ,fəŋ,feng,feng
f,,a,,fa,fa,fa
#f,,a,i,fai,fai,fai
#f,,a,u,fau,fao,fao
f,,a,n,fan,fan,fan
f,,a,ŋ,faŋ,fang,fang
#f,j,ʊ,ŋ,fjʊŋ,fiong,fiong
#f,j,ə,,fjɛ,fie,fie
#f,j,ə,u,fjou,fiu,fiu
#f,j,a,,fja,fia,fia
f,j,a,u,fjau,fiao,fiao #!
#f,j,a,n,fjɛn,fian,fian
#f,j,a,ŋ,fjaŋ,fiang,fiang
#f,w,ə,,fuo,fuo,fuo
#f,w,ə,i,fuei,fui,fui
#f,w,ə,n,fuən,fun,fun
#f,w,ə,ŋ,fuəŋ,fueng,fueng
#f,w,a,,fua,fua,fua
#f,w,a,i,fuai,fuai,fuai
#f,w,a,n,fuan,fuan,fuan
#f,w,a,ŋ,fuaŋ,fuang,fuang
#f,ɥ,ə,,fyɛ,füe,fve
#f,ɥ,a,n,fyɛn,füan,fvan
#t,,,,t,d,d
t,,i,,ti,di,di
#t,,i,n,tin,din,din
t,,i,ŋ,tiŋ,ding,ding
t,,u,,tu,du,du
t,,ʊ,ŋ,tʊŋ,dong,dong
#t,,y,,ty,dü,dv
#t,,y,n,tyn,dün,dvn
t,,ə,,tɤ,de,de
t,,ə,i,tei,dei,dei
t,,ə,u,tou,dou,dou
t,,ə,n,tən,den,den
t,,ə,ŋ,təŋ,deng,deng
t,,a,,ta,da,da
t,,a,i,tai,dai,dai
t,,a,u,tau,dao,dao
t,,a,n,tan,dan,dan
t,,a,ŋ,taŋ,dang,dang
#t,j,ʊ,ŋ,tjʊŋ,diong,diong
t,j,ə,,tjɛ,die,die
t,j,ə,u,tjou,diu,diu #!
t,j,a,,tja,dia,dia #!
t,j,a,u,tjau,diao,diao
t,j,a,n,tjɛn,dian,dian
#t,j,a,ŋ,tjaŋ,diang,diang
t,w,ə,,tuo,duo,duo
t,w,ə,i,tuei,dui,dui
t,w,ə,n,tuən,dun,dun
#t,w,ə,ŋ,tuəŋ,dueng,dueng
#t,w,a,,tua,dua,dua
#t,w,a,i,tuai,duai,duai
t,w,a,n,tuan,duan,duan
#t,w,a,ŋ,tuaŋ,duang,duang
#t,ɥ,ə,,tyɛ,düe,dve
#t,ɥ,a,n,tyɛn,düan,dvan
#tʰ,,,,tʰ,t,t
tʰ,,i,,tʰi,ti,ti
#tʰ,,i,n,tʰin,tin,tin
tʰ,,i,ŋ,tʰiŋ,ting,ting
tʰ,,u,,tʰu,tu,tu
tʰ,,ʊ,ŋ,tʰʊŋ,tong,tong
#tʰ,,y,,tʰy,tü,tv
#tʰ,,y,n,tʰyn,tün,tvn
tʰ,,ə,,tʰɤ,te,te #!
tʰ,,ə,i,tʰei,tei,tei #!
tʰ,,ə,u,tʰou,tou,tou
#tʰ,,ə,n,tʰən,ten,ten
tʰ,,ə,ŋ,tʰəŋ,teng,teng
tʰ,,a,,tʰa,ta,ta
tʰ,,a,i,tʰai,tai,tai
tʰ,,a,u,tʰau,tao,tao
tʰ,,a,n,tʰan,tan,tan
tʰ,,a,ŋ,tʰaŋ,tang,tang
#tʰ,j,ʊ,ŋ,tʰjʊŋ,tiong,tiong
tʰ,j,ə,,tʰjɛ,tie,tie
#tʰ,j,ə,u,tʰjou,tiu,tiu
#tʰ,j,a,,tʰja,tia,tia
tʰ,j,a,u,tʰjau,tiao,tiao
tʰ,j,a,n,tʰjɛn,tian,tian
#tʰ,j,a,ŋ,tʰjaŋ,tiang,tiang
tʰ,w,ə,,tʰuo,tuo,tuo
tʰ,w,ə,i,tʰuei,tui,tui
tʰ,w,ə,n,tʰuən,tun,tun
#tʰ,w,ə,ŋ,tʰuəŋ,tueng,tueng
#tʰ,w,a,,tʰua,tua,tua
#tʰ,w,a,i,tʰuai,tuai,tuai
tʰ,w,a,n,tʰuan,tuan,tuan #!
#tʰ,w,a,ŋ,tʰuaŋ,tuang,tuang
#tʰ,ɥ,ə,,tʰyɛ,tüe,tve
#tʰ,ɥ,a,n,tʰyɛn,tüan,tvan
n,,,,n,n,n #!
n,,i,,ni,ni,ni
n,,i,n,nin,nin,nin #!
n,,i,ŋ,niŋ,ning,ning
n,,u,,nu,nu,nu
n,,ʊ,ŋ,nʊŋ,nong,nong
n,,y,,ny,nü,nv
#n,,y,n,nyn,nün,nvn
n,,ə,,nɤ,ne,ne #!
n,,ə,i,nei,nei,nei #!
n,,ə,u,nou,nou,nou
n,,ə,n,nən,nen,nen #!
n,,ə,ŋ,nəŋ,neng,neng #!
n,,a,,na,na,na
n,,a,i,nai,nai,nai
n,,a,u,nau,nao,nao
n,,a,n,nan,nan,nan
n,,a,ŋ,naŋ,nang,nang #!
#n,j,ʊ,ŋ,njʊŋ,niong,niong
n,j,ə,,njɛ,nie,nie
n,j,ə,u,njou,niu,niu
#n,j,a,,nja,nia,nia
n,j,a,u,njau,niao,niao #!
n,j,a,n,njɛn,nian,nian
n,j,a,ŋ,njaŋ,niang,niang #!
n,w,ə,,nuo,nuo,nuo
#n,w,ə,i,nuei,nui,nui
n,w,ə,n,nuən,nun,nun #!
#n,w,ə,ŋ,nuəŋ,nueng,nueng
#n,w,a,,nua,nua,nua
#n,w,a,i,nuai,nuai,nuai
n,w,a,n,nuan,nuan,nuan #!
#n,w,a,ŋ,nuaŋ,nuang,nuang
n,ɥ,ə,,nyɛ,nüe,nve #!
#n,ɥ,a,n,nyɛn,nüan,nvan
#l,,,,l,l,l
l,,i,,li,li,li
l,,i,n,lin,lin,lin
l,,i,ŋ,liŋ,ling,ling
l,,u,,lu,lu,lu
l,,ʊ,ŋ,lʊŋ,long,long
l,,y,,ly,lü,lv
#l,,y,n,lyn,lün,lvn
l,,ə,,lɤ,le,le #!
l,,ə,i,lei,lei,lei
l,,ə,u,lou,lou,lou
#l,,ə,n,lən,len,len
l,,ə,ŋ,ləŋ,leng,leng
l,,a,,la,la,la
l,,a,i,lai,lai,lai
l,,a,u,lau,lao,lao
l,,a,n,lan,lan,lan
l,,a,ŋ,laŋ,lang,lang
#l,j,ʊ,ŋ,ljʊŋ,liong,liong
l,j,ə,,ljɛ,lie,lie
l,j,ə,u,ljou,liu,liu
l,j,a,,lja,lia,lia #!
l,j,a,u,ljau,liao,liao
l,j,a,n,ljɛn,lian,lian
l,j,a,ŋ,ljaŋ,liang,liang
l,w,ə,,luo,luo,luo
#l,w,ə,i,luei,lui,lui
l,w,ə,n,luən,lun,lun
#l,w,ə,ŋ,luəŋ,lueng,lueng
#l,w,a,,lua,lua,lua
#l,w,a,i,luai,luai,luai
l,w,a,n,luan,luan,luan
#l,w,a,ŋ,luaŋ,luang,luang
l,ɥ,ə,,lyɛ,lüe,lve
#l,ɥ,a,n,lyɛn,lüan,lvan
#g,,,,g,g,g
#g,,i,,gi,gi,gi
#g,,i,n,gin,gin,gin
#g,,i,ŋ,giŋ,ging,ging
g,,u,,gu,gu,gu
g,,ʊ,ŋ,gʊŋ,gong,gong
#g,,y,,gy,gü,gv
#g,,y,n,gyn,gün,gvn
g,,ə,,gɤ,ge,ge
g,,ə,i,gei,gei,gei #!
g,,ə,u,gou,gou,gou
g,,ə,n,gən,gen,gen #!
g,,ə,ŋ,gəŋ,geng,geng
g,,a,,ga,ga,ga #!
g,,a,i,gai,gai,gai
g,,a,u,gau,gao,gao
g,,a,n,gan,gan,gan
g,,a,ŋ,gaŋ,gang,gang
#g,j,ʊ,ŋ,gjʊŋ,giong,giong
#g,j,ə,,gjɛ,gie,gie
#g,j,ə,u,gjou,giu,giu
#g,j,a,,gja,gia,gia
#g,j,a,u,gjau,giao,giao
#g,j,a,n,gjɛn,gian,gian
#g,j,a,ŋ,gjaŋ,giang,giang
g,w,ə,,guo,guo,guo
g,w,ə,i,guei,gui,gui
g,w,ə,n,guən,gun,gun #!
#g,w,ə,ŋ,guəŋ,gueng,gueng
g,w,a,,gua,gua,gua
g,w,a,i,guai,guai,guai
g,w,a,n,guan,guan,guan
g,w,a,ŋ,guaŋ,guang,guang
#g,ɥ,ə,,gyɛ,güe,gve
#g,ɥ,a,n,gyɛn,güan,gvan
#k,,,,k,k,k
#k,,i,,ki,ki,ki
#k,,i,n,kin,kin,kin
#k,,i,ŋ,kiŋ,king,king
k,,u,,ku,ku,ku
k,,ʊ,ŋ,kʊŋ,kong,kong
#k,,y,,ky,kü,kv
#k,,y,n,kyn,kün,kvn
k,,ə,,kɤ,ke,ke
k,,ə,i,kei,kei,kei
k,,ə,u,kou,kou,kou
k,,ə,n,kən,ken,ken
k,,ə,ŋ,kəŋ,keng,keng #!
k,,a,,ka,ka,ka #!
k,,a,i,kai,kai,kai
k,,a,u,kau,kao,kao
k,,a,n,kan,kan,kan
k,,a,ŋ,kaŋ,kang,kang
#k,j,ʊ,ŋ,kjʊŋ,kiong,kiong
#k,j,ə,,kjɛ,kie,kie
#k,j,ə,u,kjou,kiu,kiu
#k,j,a,,kja,kia,kia
#k,j,a,u,kjau,kiao,kiao
#k,j,a,n,kjɛn,kian,kian
#k,j,a,ŋ,kjaŋ,kiang,kiang
k,w,ə,,kuo,kuo,kuo
k,w,ə,i,kuei,kui,kui
k,w,ə,n,kuən,kun,kun
#k,w,ə,ŋ,kuəŋ,kueng,kueng
k,w,a,,kua,kua,kua
k,w,a,i,kuai,kuai,kuai
k,w,a,n,kuan,kuan,kuan #!
k,w,a,ŋ,kuaŋ,kuang,kuang
#k,ɥ,ə,,kyɛ,küe,kve
#k,ɥ,a,n,kyɛn,küan,kvan
#x,,,,x,h,h
#x,,i,,xi,hi,hi
#x,,i,n,xin,hin,hin
#x,,i,ŋ,xiŋ,hing,hing
x,,u,,xu,hu,hu
x,,ʊ,ŋ,xʊŋ,hong,hong
#x,,y,,xy,hü,hv
#x,,y,n,xyn,hün,hvn
x,,ə,,xɤ,he,he
x,,ə,i,xei,hei,hei #!
x,,ə,u,xou,hou,hou
x,,ə,n,xən,hen,hen
x,,ə,ŋ,xəŋ,heng,heng
x,,a,,xa,ha,ha #!
x,,a,i,xai,hai,hai
x,,a,u,xau,hao,hao
x,,a,n,xan,han,han
x,,a,ŋ,xaŋ,hang,hang
#x,j,ʊ,ŋ,xjʊŋ,hiong,hiong
#x,j,ə,,xjɛ,hie,hie
#x,j,ə,u,xjou,hiu,hiu
#x,j,a,,xja,hia,hia
#x,j,a,u,xjau,hiao,hiao
#x,j,a,n,xjɛn,hian,hian
#x,j,a,ŋ,xjaŋ,hiang,hiang
x,w,ə,,xuo,huo,huo
x,w,ə,i,xuei,hui,hui
x,w,ə,n,xuən,hun,hun
#x,w,ə,ŋ,xuəŋ,hueng,hueng
x,w,a,,xua,hua,hua
x,w,a,i,xuai,huai,huai
x,w,a,n,xuan,huan,huan
x,w,a,ŋ,xuaŋ,huang,huang
#x,ɥ,ə,,xyɛ,hüe,hve
#x,ɥ,a,n,xyɛn,hüan,hvan
#t͡ɕ,,,,t͡ɕ,j,j
t͡ɕ,,i,,t͡ɕi,ji,ji
t͡ɕ,,i,n,t͡ɕin,jin,jin
t͡ɕ,,i,ŋ,t͡ɕiŋ,jing,jing
t͡ɕ,,u,,t͡ɕu,ju,ju
#t͡ɕ,,ʊ,ŋ,t͡ɕʊŋ,jong,jong
t͡ɕ,,y,,t͡ɕy,ju,jv
t͡ɕ,,y,n,t͡ɕyn,jun,jvn
#t͡ɕ,,ə,,t͡ɕɤ,je,je
#t͡ɕ,,ə,i,t͡ɕei,jei,jei
#t͡ɕ,,ə,u,t͡ɕou,jou,jou
#t͡ɕ,,ə,n,t͡ɕən,jen,jen
#t͡ɕ,,ə,ŋ,t͡ɕəŋ,jeng,jeng
#t͡ɕ,,a,,t͡ɕa,ja,ja
#t͡ɕ,,a,i,t͡ɕai,jai,jai
#t͡ɕ,,a,u,t͡ɕau,jao,jao
#t͡ɕ,,a,n,t͡ɕan,jan,jan
#t͡ɕ,,a,ŋ,t͡ɕaŋ,jang,jang
t͡ɕ,j,ʊ,ŋ,t͡ɕjʊŋ,jiong,jiong #!
t͡ɕ,j,ə,,t͡ɕjɛ,jie,jie
t͡ɕ,j,ə,u,t͡ɕjou,jiu,jiu
t͡ɕ,j,a,,t͡ɕja,jia,jia
t͡ɕ,j,a,u,t͡ɕjau,jiao,jiao
t͡ɕ,j,a,n,t͡ɕjɛn,jian,jian
t͡ɕ,j,a,ŋ,t͡ɕjaŋ,jiang,jiang
#t͡ɕ,w,ə,,t͡ɕuo,juo,juo
#t͡ɕ,w,ə,i,t͡ɕuei,jui,jui
t͡ɕ,w,ə,n,t͡ɕuən,jun,jun
#t͡ɕ,w,ə,ŋ,t͡ɕuəŋ,jueng,jueng
#t͡ɕ,w,a,,t͡ɕua,jua,jua
#t͡ɕ,w,a,i,t͡ɕuai,juai,juai
t͡ɕ,w,a,n,t͡ɕuan,juan,juan
#t͡ɕ,w,a,ŋ,t͡ɕuaŋ,juang,juang
t͡ɕ,ɥ,ə,,t͡ɕyɛ,jue,jve
t͡ɕ,ɥ,a,n,t͡ɕyɛn,juan,jvan
#t͡ɕʰ,,,,t͡ɕʰ,q,q
t͡ɕʰ,,i,,t͡ɕʰi,qi,qi
t͡ɕʰ,,i,n,t͡ɕʰin,qin,qin
t͡ɕʰ,,i,ŋ,t͡ɕʰiŋ,qing,qing
t͡ɕʰ,,u,,t͡ɕʰu,qu,qu
#t͡ɕʰ,,ʊ,ŋ,t͡ɕʰʊŋ,qong,qong
t͡ɕʰ,,y,,t͡ɕʰy,qu,qv
t͡ɕʰ,,y,n,t͡ɕʰyn,qun,qvn #!
#t͡ɕʰ,,ə,,t͡ɕʰɤ,qe,qe
#t͡ɕʰ,,ə,i,t͡ɕʰei,qei,qei
#t͡ɕʰ,,ə,u,t͡ɕʰou,qou,qou
#t͡ɕʰ,,ə,n,t͡ɕʰən,qen,qen
#t͡ɕʰ,,ə,ŋ,t͡ɕʰəŋ,qeng,qeng
#t͡ɕʰ,,a,,t͡ɕʰa,qa,qa
#t͡ɕʰ,,a,i,t͡ɕʰai,qai,qai
#t͡ɕʰ,,a,u,t͡ɕʰau,qao,qao
#t͡ɕʰ,,a,n,t͡ɕʰan,qan,qan
#t͡ɕʰ,,a,ŋ,t͡ɕʰaŋ,qang,qang
t͡ɕʰ,j,ʊ,ŋ,t͡ɕʰjʊŋ,qiong,qiong #!
t͡ɕʰ,j,ə,,t͡ɕʰjɛ,qie,qie
t͡ɕʰ,j,ə,u,t͡ɕʰjou,qiu,qiu
t͡ɕʰ,j,a,,t͡ɕʰja,qia,qia
t͡ɕʰ,j,a,u,t͡ɕʰjau,qiao,qiao
t͡ɕʰ,j,a,n,t͡ɕʰjɛn,qian,qian
t͡ɕʰ,j,a,ŋ,t͡ɕʰjaŋ,qiang,qiang
#t͡ɕʰ,w,ə,,t͡ɕʰuo,quo,quo
#t͡ɕʰ,w,ə,i,t͡ɕʰuei,qui,qui
t͡ɕʰ,w,ə,n,t͡ɕʰuən,qun,qun #!
#t͡ɕʰ,w,ə,ŋ,t͡ɕʰuəŋ,queng,queng
#t͡ɕʰ,w,a,,t͡ɕʰua,qua,qua
#t͡ɕʰ,w,a,i,t͡ɕʰuai,quai,quai
t͡ɕʰ,w,a,n,t͡ɕʰuan,quan,quan
#t͡ɕʰ,w,a,ŋ,t͡ɕʰuaŋ,quang,quang
t͡ɕʰ,ɥ,ə,,t͡ɕʰyɛ,que,qve
t͡ɕʰ,ɥ,a,n,t͡ɕʰyɛn,quan,qvan
#ɕ,,,,ɕ,x,x
ɕ,,i,,ɕi,xi,xi
ɕ,,i,n,ɕin,xin,xin
ɕ,,i,ŋ,ɕiŋ,xing,xing
ɕ,,u,,ɕu,xu,xu
#ɕ,,ʊ,ŋ,ɕʊŋ,xong,xong
ɕ,,y,,ɕy,xu,xv
ɕ,,y,n,ɕyn,xun,xvn
#ɕ,,ə,,ɕɤ,xe,xe
#ɕ,,ə,i,ɕei,xei,xei
#ɕ,,ə,u,ɕou,xou,xou
#ɕ,,ə,n,ɕən,xen,xen
#ɕ,,ə,ŋ,ɕəŋ,xeng,xeng
#ɕ,,a,,ɕa,xa,xa
#ɕ,,a,i,ɕai,xai,xai
#ɕ,,a,u,ɕau,xao,xao
#ɕ,,a,n,ɕan,xan,xan
#ɕ,,a,ŋ,ɕaŋ,xang,xang
ɕ,j,ʊ,ŋ,ɕjʊŋ,xiong,xiong
ɕ,j,ə,,ɕjɛ,xie,xie
ɕ,j,ə,u,ɕjou,xiu,xiu
ɕ,j,a,,ɕja,xia,xia
ɕ,j,a,u,ɕjau,xiao,xiao
ɕ,j,a,n,ɕjɛn,xian,xian
ɕ,j,a,ŋ,ɕjaŋ,xiang,xiang
#ɕ,w,ə,,ɕuo,xuo,xuo
#ɕ,w,ə,i,ɕuei,xui,xui
ɕ,w,ə,n,ɕuən,xun,xun
#ɕ,w,ə,ŋ,ɕuəŋ,xueng,xueng
#ɕ,w,a,,ɕua,xua,xua
#ɕ,w,a,i,ɕuai,xuai,xuai
ɕ,w,a,n,ɕuan,xuan,xuan
#ɕ,w,a,ŋ,ɕuaŋ,xuang,xuang
ɕ,ɥ,ə,,ɕyɛ,xue,xve
ɕ,ɥ,a,n,ɕyɛn,xuan,xvan
#ʈ͡ʂ,,,,ʈ͡ʂ,zh,zh
ʈ͡ʂ,,i,,ʈ͡ʂɻ̩,zhi,zhi
#ʈ͡ʂ,,i,n,ʈ͡ʂin,zhin,zhin
#ʈ͡ʂ,,i,ŋ,ʈ͡ʂiŋ,zhing,zhing
ʈ͡ʂ,,u,,ʈ͡ʂu,zhu,zhu
ʈ͡ʂ,,ʊ,ŋ,ʈ͡ʂʊŋ,zhong,zhong
#ʈ͡ʂ,,y,,ʈ͡ʂy,zhü,zhv
#ʈ͡ʂ,,y,n,ʈ͡ʂyn,zhün,zhvn
ʈ͡ʂ,,ə,,ʈ͡ʂɤ,zhe,zhe
ʈ͡ʂ,,ə,i,ʈ͡ʂei,zhei,zhei
ʈ͡ʂ,,ə,u,ʈ͡ʂou,zhou,zhou
ʈ͡ʂ,,ə,n,ʈ͡ʂən,zhen,zhen
ʈ͡ʂ,,ə,ŋ,ʈ͡ʂəŋ,zheng,zheng
ʈ͡ʂ,,a,,ʈ͡ʂa,zha,zha
ʈ͡ʂ,,a,i,ʈ͡ʂai,zhai,zhai
ʈ͡ʂ,,a,u,ʈ͡ʂau,zhao,zhao
ʈ͡ʂ,,a,n,ʈ͡ʂan,zhan,zhan
ʈ͡ʂ,,a,ŋ,ʈ͡ʂaŋ,zhang,zhang
#ʈ͡ʂ,j,ʊ,ŋ,ʈ͡ʂjʊŋ,zhiong,zhiong
#ʈ͡ʂ,j,ə,,ʈ͡ʂjɛ,zhie,zhie
#ʈ͡ʂ,j,ə,u,ʈ͡ʂjou,zhiu,zhiu
#ʈ͡ʂ,j,a,,ʈ͡ʂja,zhia,zhia
#ʈ͡ʂ,j,a,u,ʈ͡ʂjau,zhiao,zhiao
#ʈ͡ʂ,j,a,n,ʈ͡ʂjɛn,zhian,zhian
#ʈ͡ʂ,j,a,ŋ,ʈ͡ʂjaŋ,zhiang,zhiang
ʈ͡ʂ,w,ə,,ʈ͡ʂuo,zhuo,zhuo
ʈ͡ʂ,w,ə,i,ʈ͡ʂuei,zhui,zhui
ʈ͡ʂ,w,ə,n,ʈ͡ʂuən,zhun,zhun #!
#ʈ͡ʂ,w,ə,ŋ,ʈ͡ʂuəŋ,zhueng,zhueng
ʈ͡ʂ,w,a,,ʈ͡ʂua,zhua,zhua #!
ʈ͡ʂ,w,a,i,ʈ͡ʂuai,zhuai,zhuai #!
ʈ͡ʂ,w,a,n,ʈ͡ʂuan,zhuan,zhuan
ʈ͡ʂ,w,a,ŋ,ʈ͡ʂuaŋ,zhuang,zhuang
#ʈ͡ʂ,ɥ,ə,,ʈ͡ʂyɛ,zhüe,zhve
#ʈ͡ʂ,ɥ,a,n,ʈ͡ʂyɛn,zhüan,zhvan
#ʈ͡ʂʰ,,,,ʈ͡ʂʰ,ch,ch
ʈ͡ʂʰ,,i,,ʈ͡ʂʰɻ̩,chi,chi
#ʈ͡ʂʰ,,i,n,ʈ͡ʂʰin,chin,chin
#ʈ͡ʂʰ,,i,ŋ,ʈ͡ʂʰiŋ,ching,ching
ʈ͡ʂʰ,,u,,ʈ͡ʂʰu,chu,chu
ʈ͡ʂʰ,,ʊ,ŋ,ʈ͡ʂʰʊŋ,chong,chong
#ʈ͡ʂʰ,,y,,ʈ͡ʂʰy,chü,chv
#ʈ͡ʂʰ,,y,n,ʈ͡ʂʰyn,chün,chvn
ʈ͡ʂʰ,,ə,,ʈ͡ʂʰɤ,che,che
#ʈ͡ʂʰ,,ə,i,ʈ͡ʂʰei,chei,chei
ʈ͡ʂʰ,,ə,u,ʈ͡ʂʰou,chou,chou
ʈ͡ʂʰ,,ə,n,ʈ͡ʂʰən,chen,chen
ʈ͡ʂʰ,,ə,ŋ,ʈ͡ʂʰəŋ,cheng,cheng
ʈ͡ʂʰ,,a,,ʈ͡ʂʰa,cha,cha
ʈ͡ʂʰ,,a,i,ʈ͡ʂʰai,chai,chai
ʈ͡ʂʰ,,a,u,ʈ͡ʂʰau,chao,chao
ʈ͡ʂʰ,,a,n,ʈ͡ʂʰan,chan,chan
ʈ͡ʂʰ,,a,ŋ,ʈ͡ʂʰaŋ,chang,chang
#ʈ͡ʂʰ,j,ʊ,ŋ,ʈ͡ʂʰjʊŋ,chiong,chiong
#ʈ͡ʂʰ,j,ə,,ʈ͡ʂʰjɛ,chie,chie
#ʈ͡ʂʰ,j,ə,u,ʈ͡ʂʰjou,chiu,chiu
#ʈ͡ʂʰ,j,a,,ʈ͡ʂʰja,chia,chia
#ʈ͡ʂʰ,j,a,u,ʈ͡ʂʰjau,chiao,chiao
#ʈ͡ʂʰ,j,a,n,ʈ͡ʂʰjɛn,chian,chian
#ʈ͡ʂʰ,j,a,ŋ,ʈ͡ʂʰjaŋ,chiang,chiang
ʈ͡ʂʰ,w,ə,,ʈ͡ʂʰuo,chuo,chuo #!
ʈ͡ʂʰ,w,ə,i,ʈ͡ʂʰuei,chui,chui
ʈ͡ʂʰ,w,ə,n,ʈ͡ʂʰuən,chun,chun
#ʈ͡ʂʰ,w,ə,ŋ,ʈ͡ʂʰuəŋ,chueng,chueng
ʈ͡ʂʰ,w,a,,ʈ͡ʂʰua,chua,chua
ʈ͡ʂʰ,w,a,i,ʈ͡ʂʰuai,chuai,chuai #!
ʈ͡ʂʰ,w,a,n,ʈ͡ʂʰuan,chuan,chuan
ʈ͡ʂʰ,w,a,ŋ,ʈ͡ʂʰuaŋ,chuang,chuang
#ʈ͡ʂʰ,ɥ,ə,,ʈ͡ʂʰyɛ,chüe,chve
#ʈ͡ʂʰ,ɥ,a,n,ʈ͡ʂʰyɛn,chüan,chvan
#ʂ,,,,ʂ,sh,sh
ʂ,,i,,ʂɻ̩,shi,shi
#ʂ,,i,n,ʂin,shin,shin
#ʂ,,i,ŋ,ʂiŋ,shing,shing
ʂ,,u,,ʂu,shu,shu
#ʂ,,ʊ,ŋ,ʂʊŋ,shong,shong
#ʂ,,y,,ʂy,shü,shv
#ʂ,,y,n,ʂyn,shün,shvn
ʂ,,ə,,ʂɤ,she,she
ʂ,,ə,i,ʂei,shei,shei #!
ʂ,,ə,u,ʂou,shou,shou
ʂ,,ə,n,ʂən,shen,shen
ʂ,,ə,ŋ,ʂəŋ,sheng,sheng
ʂ,,a,,ʂa,sha,sha
ʂ,,a,i,ʂai,shai,shai #!
ʂ,,a,u,ʂau,shao,shao
ʂ,,a,n,ʂan,shan,shan
ʂ,,a,ŋ,ʂaŋ,shang,shang
#ʂ,j,ʊ,ŋ,ʂjʊŋ,shiong,shiong
#ʂ,j,ə,,ʂjɛ,shie,shie
#ʂ,j,ə,u,ʂjou,shiu,shiu
#ʂ,j,a,,ʂja,shia,shia
#ʂ,j,a,u,ʂjau,shiao,shiao
#ʂ,j,a,n,ʂjɛn,shian,shian
#ʂ,j,a,ŋ,ʂjaŋ,shiang,shiang
ʂ,w,ə,,ʂuo,shuo,shuo
ʂ,w,ə,i,ʂuei,shui,shui
ʂ,w,ə,n,ʂuən,shun,shun
#ʂ,w,ə,ŋ,ʂuəŋ,shueng,shueng
ʂ,w,a,,ʂua,shua,shua #!
ʂ,w,a,i,ʂuai,shuai,shuai
ʂ,w,a,n,ʂuan,shuan,shuan
ʂ,w,a,ŋ,ʂuaŋ,shuang,shuang
#ʂ,ɥ,ə,,ʂyɛ,shüe,shve
#ʂ,ɥ,a,n,ʂyɛn,shüan,shvan
#ʐ,,,,ʐ,r,r
ʐ,,i,,ʐɻ̩,ri,ri #!
#ʐ,,i,n,ʐin,rin,rin
#ʐ,,i,ŋ,ʐiŋ,ring,ring
ʐ,,u,,ʐu,ru,ru
ʐ,,ʊ,ŋ,ʐʊŋ,rong,rong
#ʐ,,y,,ʐy,rü,rv
#ʐ,,y,n,ʐyn,rün,rvn
ʐ,,ə,,ʐɤ,re,re #!
#ʐ,,ə,i,ʐei,rei,rei
ʐ,,ə,u,ʐou,rou,rou
ʐ,,ə,n,ʐən,ren,ren
ʐ,,ə,ŋ,ʐəŋ,reng,reng #!
#ʐ,,a,,ʐa,ra,ra
#ʐ,,a,i,ʐai,rai,rai
ʐ,,a,u,ʐau,rao,rao
ʐ,,a,n,ʐan,ran,ran
ʐ,,a,ŋ,ʐaŋ,rang,rang
#ʐ,j,ʊ,ŋ,ʐjʊŋ,riong,riong
#ʐ,j,ə,,ʐjɛ,rie,rie
#ʐ,j,ə,u,ʐjou,riu,riu
#ʐ,j,a,,ʐja,ria,ria
#ʐ,j,a,u,ʐjau,riao,riao
#ʐ,j,a,n,ʐjɛn,rian,rian
#ʐ,j,a,ŋ,ʐjaŋ,riang,riang
ʐ,w,ə,,ʐuo,ruo,ruo #!
ʐ,w,ə,i,ʐuei,rui,rui
ʐ,w,ə,n,ʐuən,run,run #!
#ʐ,w,ə,ŋ,ʐuəŋ,rueng,rueng
ʐ,w,a,,ʐua,rua,rua
#ʐ,w,a,i,ʐuai,ruai,ruai
ʐ,w,a,n,ʐuan,ruan,ruan #!
#ʐ,w,a,ŋ,ʐuaŋ,ruang,ruang
#ʐ,ɥ,ə,,ʐyɛ,rüe,rve
#ʐ,ɥ,a,n,ʐyɛn,rüan,rvan
#t͡s,,,,t͡s,z,z
t͡s,,i,,t͡sɿ,zi,zi
#t͡s,,i,n,t͡sin,zin,zin
#t͡s,,i,ŋ,t͡siŋ,zing,zing
t͡s,,u,,t͡su,zu,zu
t͡s,,ʊ,ŋ,t͡sʊŋ,zong,zong
#t͡s,,y,,t͡sy,zü,zv
#t͡s,,y,n,t͡syn,zün,zvn
t͡s,,ə,,t͡sɤ,ze,ze
t͡s,,ə,i,t͡sei,zei,zei #!
t͡s,,ə,u,t͡sou,zou,zou
t͡s,,ə,n,t͡sən,zen,zen #!
t͡s,,ə,ŋ,t͡səŋ,zeng,zeng
t͡s,,a,,t͡sa,za,za
t͡s,,a,i,t͡sai,zai,zai
t͡s,,a,u,t͡sau,zao,zao
t͡s,,a,n,t͡san,zan,zan
t͡s,,a,ŋ,t͡saŋ,zang,zang
#t͡s,j,ʊ,ŋ,t͡sjʊŋ,ziong,ziong
#t͡s,j,ə,,t͡sjɛ,zie,zie
#t͡s,j,ə,u,t͡sjou,ziu,ziu
#t͡s,j,a,,t͡sja,zia,zia
#t͡s,j,a,u,t͡sjau,ziao,ziao
#t͡s,j,a,n,t͡sjɛn,zian,zian
#t͡s,j,a,ŋ,t͡sjaŋ,ziang,ziang
t͡s,w,ə,,t͡suo,zuo,zuo
t͡s,w,ə,i,t͡suei,zui,zui
t͡s,w,ə,n,t͡suən,zun,zun #!
#t͡s,w,ə,ŋ,t͡suəŋ,zueng,zueng
#t͡s,w,a,,t͡sua,zua,zua
#t͡s,w,a,i,t͡suai,zuai,zuai
t͡s,w,a,n,t͡suan,zuan,zuan #!
#t͡s,w,a,ŋ,t͡suaŋ,zuang,zuang
#t͡s,ɥ,ə,,t͡syɛ,züe,zve
#t͡s,ɥ,a,n,t͡syɛn,züan,zvan
#t͡sʰ,,,,t͡sʰ,c,c
t͡sʰ,,i,,t͡sʰɿ,ci,ci
#t͡sʰ,,i,n,t͡sʰin,cin,cin
#t͡sʰ,,i,ŋ,t͡sʰiŋ,cing,cing
t͡sʰ,,u,,t͡sʰu,cu,cu
t͡sʰ,,ʊ,ŋ,t͡sʰʊŋ,cong,cong
#t͡sʰ,,y,,t͡sʰy,cü,cv
#t͡sʰ,,y,n,t͡sʰyn,cün,cvn
t͡sʰ,,ə,,t͡sʰɤ,ce,ce
t͡sʰ,,ə,i,t͡sʰei,cei,cei #!
t͡sʰ,,ə,u,t͡sʰou,cou,cou #!
t͡sʰ,,ə,n,t͡sʰən,cen,cen
t͡sʰ,,ə,ŋ,t͡sʰəŋ,ceng,ceng
t͡sʰ,,a,,t͡sʰa,ca,ca #!
t͡sʰ,,a,i,t͡sʰai,cai,cai
t͡sʰ,,a,u,t͡sʰau,cao,cao
t͡sʰ,,a,n,t͡sʰan,can,can
t͡sʰ,,a,ŋ,t͡sʰaŋ,cang,cang
#t͡sʰ,j,ʊ,ŋ,t͡sʰjʊŋ,ciong,ciong
#t͡sʰ,j,ə,,t͡sʰjɛ,cie,cie
#t͡sʰ,j,ə,u,t͡sʰjou,ciu,ciu
#t͡sʰ,j,a,,t͡sʰja,cia,cia
#t͡sʰ,j,a,u,t͡sʰjau,ciao,ciao
#t͡sʰ,j,a,n,t͡sʰjɛn,cian,cian
#t͡sʰ,j,a,ŋ,t͡sʰjaŋ,ciang,ciang
t͡sʰ,w,ə,,t͡sʰuo,cuo,cuo
t͡sʰ,w,ə,i,t͡sʰuei,cui,cui
t͡sʰ,w,ə,n,t͡sʰuən,cun,cun
#t͡sʰ,w,ə,ŋ,t͡sʰuəŋ,cueng,cueng
#t͡sʰ,w,a,,t͡sʰua,cua,cua
#t͡sʰ,w,a,i,t͡sʰuai,cuai,cuai
t͡sʰ,w,a,n,t͡sʰuan,cuan,cuan #!
#t͡sʰ,w,a,ŋ,t͡sʰuaŋ,cuang,cuang
#t͡sʰ,ɥ,ə,,t͡sʰyɛ,cüe,cve
#t͡sʰ,ɥ,a,n,t͡sʰyɛn,cüan,cvan
#s,,,,s,s,s
s,,i,,sɿ,si,si
#s,,i,n,sin,sin,sin
#s,,i,ŋ,siŋ,sing,sing
s,,u,,su,su,su
s,,ʊ,ŋ,sʊŋ,song,song
#s,,y,,sy,sü,sv
#s,,y,n,syn,sün,svn
s,,ə,,sɤ,se,se
#s,,ə,i,sei,sei,sei
s,,ə,u,sou,sou,sou
s,,ə,n,sən,sen,sen #!
s,,ə,ŋ,səŋ,seng,seng #!
s,,a,,sa,sa,sa
s,,a,i,sai,sai,sai
s,,a,u,sau,sao,sao
s,,a,n,san,san,san
s,,a,ŋ,saŋ,sang,sang
#s,j,ʊ,ŋ,sjʊŋ,siong,siong
#s,j,ə,,sjɛ,sie,sie
#s,j,ə,u,sjou,siu,siu
#s,j,a,,sja,sia,sia
#s,j,a,u,sjau,siao,siao
#s,j,a,n,sjɛn,sian,sian
#s,j,a,ŋ,sjaŋ,siang,siang
s,w,ə,,suo,suo,suo
s,w,ə,i,suei,sui,sui
s,w,ə,n,suən,sun,sun
#s,w,ə,ŋ,suəŋ,sueng,sueng
#s,w,a,,sua,sua,sua
#s,w,a,i,suai,suai,suai
s,w,a,n,suan,suan,suan
#s,w,a,ŋ,suaŋ,suang,suang
#s,ɥ,ə,,syɛ,süe,sve
#s,ɥ,a,n,syɛn,süan,svan
